{"(3791874410, 3791874410)": 0, "(3791874410, 416767512)": 218.80588722933211, "(3791874410, 1838314584)": 283.95530294300295, "(3791874410, 6349911457)": -35.88279964047733, "(3791874410, 329582048)": -23.051491629951016, "(3791874410, 1839319073)": -33.50252914313103, "(416767512, 3791874410)": 376.51095459604414, "(416767512, 416767512)": 0, "(416767512, 1838314584)": 65.14941571367083, "(416767512, 6349911457)": 7.287424463075872, "(416767512, 329582048)": 14.806101852346982, "(416767512, 1839319073)": 43.574199277547585, "(1838314584, 3791874410)": 364.5486607663025, "(1838314584, 416767512)": 278.4444284756975, "(1838314584, 1838314584)": 0, "(1838314584, 6349911457)": -4.674869366665755, "(1838314584, 329582048)": 2.8438080226053426, "(1838314584, 1839319073)": 31.611905447805952, "(6349911457, 3791874410)": 539.2923272673596, "(6349911457, 416767512)": 597.9884311122078, "(6349911457, 1838314584)": 663.1378468258786, "(6349911457, 6349911457)": 0, "(6349911457, 329582048)": 12.831308010526318, "(6349911457, 1839319073)": 48.11345693304499, "(329582048, 3791874410)": 532.081163624586, "(329582048, 416767512)": 590.7772674694342, "(329582048, 1838314584)": 655.926683183105, "(329582048, 6349911457)": 70.56933686922996, "(329582048, 329582048)": 0, "(329582048, 1839319073)": 35.28214892251868, "(1839319073, 3791874410)": 496.7990147020674, "(1839319073, 416767512)": 555.4951185469155, "(1839319073, 1838314584)": 620.6445342605863, "(1839319073, 6349911457)": 57.568082310682925, "(1839319073, 329582048)": 70.39939032120924, "(1839319073, 1839319073)": 0}