{"Complex Los Balsos": [3791874410, 11.355795305506582], "Mall Del Este": [416767512, 30.707238469926278], "Amsterdam Plaza": [1838314584, 35.62863147284505], "Euro Supermercados La Inferior": [6349911457, 24.08911669431766], "Mall Zona 2": [329582048, 28.886984474203626], "Mall La Visitaci\u00f3n": [1839319073, 33.39625496118578], "Complex Los Balsos 2": [3791874410, 11.355795305506582]}