{"Complex Los Balsos": [6.186898127000028, -75.56143294740268], "Mall Del Este": [6.198756717661721, -75.556393638567], "Amsterdam Plaza": [6.202176172201083, -75.55510765722], "Euro Supermercados La Inferior": [6.199854351194308, -75.56472210973091], "Mall Zona 2": [6.1985640740178996, -75.56511452001308], "Mall La Visitaci\u00f3n": [6.196673041613839, -75.56516852042641], "Complex Los Balsos 2": [6.186898127000028, -75.56143294740268]}